{
    "theatreId":301,
    "theatreName":"AsianGpr",
    "theatreCity":"hyderabad",
    "movies":[101,102],
    "listOfScreens":[

        {
            "screenId":201,
            "theatreId":101,
            "screenName":"B",
        
        "showList":[
        
            { "showId":101145,
                "showStartTime":"2020-04-28T16:00:00",
                "showEndTime":"2020-04-28T19:00:00",
                "seats":[501,502],
                "showName":"firstshow",
                 "movieId":101,
                "screenId":201,
                "theatreId":301
                }
        
        ],
        
        "movieEndDate":"2020-04-30",
        "rows":2,
        "columns":4
         }





    ],



    "managerName":"mahesh",
    "managerContact":9865341723





}